<schemetools><global><tool command="make.exe" flags="45" folder="%d" index="0" name="[HPGcc] Make all " params="all" parsepattern="" shortcut="0"></tool><tool command="make.exe" flags="41" folder="%d" index="1" name="[HPGcc] Make clean" params="clean" parsepattern="" shortcut="112"></tool><tool command="make.exe" flags="41" folder="%d" index="2" name="[HPGcc] Make install" params="install" parsepattern="" shortcut="0"></tool><tool command="" flags="40" folder="" index="3" name="--------" params="" parsepattern="" shortcut="0"></tool></global><scheme name="cpp"><tool command="make" flags="105" folder="%d" index="0" name="Make this " params="%n.o" parsepattern="" shortcut="0"></tool><tool command="make" flags="41" folder="%d" index="1" name="Make this .hp " params="%n.hp" parsepattern="" shortcut="113"></tool><tool command="indent" flags="43" folder="%d" index="2" name="Indent " params="-kr -ts4 -bl -bls -bli0 %f" parsepattern="" shortcut="0"></tool><tool command="cmd.exe " flags="43" folder="%d" index="3" name="[HP39] Aplet wizard" params="/c &quot;start hp39wiz &quot;" parsepattern="" shortcut="0"></tool><tool command="hp2aplet" flags="41" folder="%d" index="4" name="[HP39] Convert to aplet" params="%n.hp" parsepattern="" shortcut="114"></tool></scheme></schemetools>